reference,amplicon_id,pool,fP,rP,start,insert_start,insert_end,end,amplicon,insert,fP_full,rP_full,fP coverage,rP coverage,amplicon coverage
H5N1-HA,H5N1-HA_1,1,gtgatcagatttgcattggttaccat,tgtaggaccattccggcac,47,73,264,283,GTGATCAGATTTGCATTGGTTACCATGCAAACAATTCGACAGAGCAGGTTGACACGATAATGGAAAAGAACGTCACTGTTACACATGCCCAAGACATACTGGAAAAAACACACAACGGGAAGCTCTGTGATTTAAATGGGGTGAAGCCTCTGATTTTAAAGGATTGTAGTGTAGCTGGATGGCTCCTCGGAAACCCAATGTGCGACGAATTCATCAGAGTGCCGGAATGGTCCTACA,GCAAACAATTCGACAGAGCAGGTTGACACGATAATGGAAAAGAACGTCACTGTTACACATGCCCAAGACATACTGGAAAAAACACACAACGGGAAGCTCTGTGATTTAAATGGGGTGAAGCCTCTGATTTTAAAGGATTGTAGTGTAGCTGGATGGCTCCTCGGAAACCCAATGTGCGACGAATTCATCAGA,gtgatcagatttgcattggttaccat,tgtaggaccattccggcac,0.8841317365269461,0.8841317365269461,0.8841317365269461
H5N1-HA,H5N1-HA_2,2,tttaaaggattgtagtgtagctggatg,cgctcacccctagtgatgtt,201,228,425,445,TTTAAAGGATTGTAGTGTAGCTGGATGGCTCCTCGGAAACCCAATGTGCGACGAATTCATCAGAGTGCCGGAATGGTCCTACATAGTGGAGCGGGCTAATCCAGCTAATGACCTCTGTTACCCAGGGAGCCTCAATGACTATGAAGAACTGAAACACCTGTTGAGCAGAATAAATCATTTTGAGAAGATTCTGATCATCCCCAAGAGTTCCTGGCCAAATCATGAAACATCACTAGGGGTGAGCG,GCTCCTCGGAAACCCAATGTGCGACGAATTCATCAGAGTGCCGGAATGGTCCTACATAGTGGAGCGGGCTAATCCAGCTAATGACCTCTGTTACCCAGGGAGCCTCAATGACTATGAAGAACTGAAACACCTGTTGAGCAGAATAAATCATTTTGAGAAGATTCTGATCATCCCCAAGAGTTCCTGGCCAAATCATGA,tttaaaggattgtagtgtagctggatg,cgctcacccctagtgatgtt,0.7113772455089821,0.7113772455089821,0.7113772455089821
H5N1-HA,H5N1-HA_3,1,tgacctctgttacccagggag,ccacagtatcaagagatcttcccg,309,330,552,576,TGACCTCTGTTACCCAGGGAGCCTCAATGACTATGAAGAACTGAAACACCTGTTGAGCAGAATAAATCATTTTGAGAAGATTCTGATCATCCCCAAGAGTTCCTGGCCAAATCATGAAACATCACTAGGGGTGAGCGCAGCTTGTCCATACCAGGGAGCGCCCTCCTTTTTCAGAAATGTGGTGTGGCTTATCAAAAAGAACGATGCATACCCAACAATAAAGATAAGCTACAATAATACCAATCGGGAAGATCTCTTGATACTGTGG,CCTCAATGACTATGAAGAACTGAAACACCTGTTGAGCAGAATAAATCATTTTGAGAAGATTCTGATCATCCCCAAGAGTTCCTGGCCAAATCATGAAACATCACTAGGGGTGAGCGCAGCTTGTCCATACCAGGGAGCGCCCTCCTTTTTCAGAAATGTGGTGTGGCTTATCAAAAAGAACGATGCATACCCAACAATAAAGATAAGCTACAATAATACCAAT,tgacctctgttacccagggag,ccacagtatcaagagatcttcccg,0.7953592814371258,0.7953592814371258,0.7953592814371258
H5N1-HA,H5N1-HA_4,2,ggcttatcaaaaagaacgatgcatac,gaagtccattcttccacgttgc,494,520,710,732,GGCTTATCAAAAAGAACGATGCATACCCAACAATAAAGATAAGCTACAATAATACCAATCGGGAAGATCTCTTGATACTGTGGGGGATTCATCATTCCAACAATGCAGAAGAGCAGACAAATCTCTATAAAAACCCAACCACCTACATTTCAGTTGGAACATCAACTTTAAACCAGAGGTTGGTACCAAAAATAGCTACTAGATCCCAAGTAAACGGGCAACGTGGAAGAATGGACTTC,CCAACAATAAAGATAAGCTACAATAATACCAATCGGGAAGATCTCTTGATACTGTGGGGGATTCATCATTCCAACAATGCAGAAGAGCAGACAAATCTCTATAAAAACCCAACCACCTACATTTCAGTTGGAACATCAACTTTAAACCAGAGGTTGGTACCAAAAATAGCTACTAGATCCCAAGTAAACGG,ggcttatcaaaaagaacgatgcatac,gaagtccattcttccacgttgc,0.8330838323353293,0.8330838323353293,0.8330838323353293
H5N1-HA,H5N1-HA_5,1,accacctacatttcagttggaacat,atttatcgctcctactggggttt,631,656,883,906,ACCACCTACATTTCAGTTGGAACATCAACTTTAAACCAGAGGTTGGTACCAAAAATAGCTACTAGATCCCAAGTAAACGGGCAACGTGGAAGAATGGACTTCTTCTGGACAATTTTAAAACCAGATGATGCAATCCATTTCGAGAGTAATGGAAATTTCATTGCTCCAGAATATGCATACAAAATTGTCAAGAAAGGGGACTCAACAATTATGAAAAGTGGAGTGGAATATGGCCACTGCAACACCAAATGTCAAACCCCAGTAGGAGCGATAAAT,CAACTTTAAACCAGAGGTTGGTACCAAAAATAGCTACTAGATCCCAAGTAAACGGGCAACGTGGAAGAATGGACTTCTTCTGGACAATTTTAAAACCAGATGATGCAATCCATTTCGAGAGTAATGGAAATTTCATTGCTCCAGAATATGCATACAAAATTGTCAAGAAAGGGGACTCAACAATTATGAAAAGTGGAGTGGAATATGGCCACTGCAACACCAAATGTC,accacctacatttcagttggaacat,atttatcgctcctactggggttt,0.8,0.8,0.8
H5N1-HA,H5N1-HA_6,2,tcaacaattatgaaaagtggagtggaata,gccatcctccctctataaaccct,832,861,1055,1078,TCAACAATTATGAAAAGTGGAGTGGAATATGGCCACTGCAACACCAAATGTCAAACCCCAGTAGGAGCGATAAATTCTAGTATGCCATTCCACAACATACATCCTCTCACCATTGGGGAATGCCCCAAATACGTGAAGTCAAACAAGTTGGTCCTTGCGACTGGGCTCAGAAATAGTCCTCTAAGAGAAAAGAGAAGAAAAAGAGGCCTGTTTGGGGCGATAGCAGGGTTTATAGAGGGAGGATGGC,TGGCCACTGCAACACCAAATGTCAAACCCCAGTAGGAGCGATAAATTCTAGTATGCCATTCCACAACATACATCCTCTCACCATTGGGGAATGCCCCAAATACGTGAAGTCAAACAAGTTGGTCCTTGCGACTGGGCTCAGAAATAGTCCTCTAAGAGAAAAGAGAAGAAAAAGAGGCCTGTTTGGGGCGATAGC,tcaacaattatgaaaagtggagtggaata,gccatcctccctctataaaccct,0.8254491017964072,0.8254491017964072,0.8254491017964072
H5N1-HA,H5N1-HA_7,1,tggggaatgccccaaatacg,catctattgccttttgggtggatt,945,965,1150,1174,TGGGGAATGCCCCAAATACGTGAAGTCAAACAAGTTGGTCCTTGCGACTGGGCTCAGAAATAGTCCTCTAAGAGAAAAGAGAAGAAAAAGAGGCCTGTTTGGGGCGATAGCAGGGTTTATAGAGGGAGGATGGCAGGGAATGGTTGATGGTTGGTATGGGTACCATCATAGCAATGAGCAGGGGAGTGGGTACGCTGCGGACAAAGAATCCACCCAAAAGGCAATAGATG,TGAAGTCAAACAAGTTGGTCCTTGCGACTGGGCTCAGAAATAGTCCTCTAAGAGAAAAGAGAAGAAAAAGAGGCCTGTTTGGGGCGATAGCAGGGTTTATAGAGGGAGGATGGCAGGGAATGGTTGATGGTTGGTATGGGTACCATCATAGCAATGAGCAGGGGAGTGGGTACGCTGCGGACAAAG,tggggaatgccccaaatacg,catctattgccttttgggtggatt,0.9438622754491018,0.9438622754491018,0.9438622754491018
H5N1-HA,H5N1-HA_8,2,atgagcaggggagtgggta,catttgaatcatggaaatctagagtcctc,1118,1137,1349,1378,ATGAGCAGGGGAGTGGGTACGCTGCGGACAAAGAATCCACCCAAAAGGCAATAGATGGAGTTACCAATAAGGTCAACTCAATCATTGACAAAATGAACACTCAATTTGAGGCAGTTGGAAGGGAGTTTAATAACTTAGAAAGGAGGATAGAGAATTTGAACAAGAAAATGGAAGACGGATTCCTAGATGTCTGGACCTATAATGCTGAACTTCTAGTTCTCATGGAAAACGAGAGGACTCTAGATTTCCATGATTCAAATG,CGCTGCGGACAAAGAATCCACCCAAAAGGCAATAGATGGAGTTACCAATAAGGTCAACTCAATCATTGACAAAATGAACACTCAATTTGAGGCAGTTGGAAGGGAGTTTAATAACTTAGAAAGGAGGATAGAGAATTTGAACAAGAAAATGGAAGACGGATTCCTAGATGTCTGGACCTATAATGCTGAACTTCTAGTTCTCATGGAAAACGA,atgagcaggggagtgggta,catttgaatcatggaaatctagagtcctc,0.9218562874251497,0.9218562874251497,0.9218562874251497
H5N1-HA,H5N1-HA_9,1,gaggcagttggaagggagttt,attcattatcgcatttgtgatagaattcg,1225,1246,1448,1477,GAGGCAGTTGGAAGGGAGTTTAATAACTTAGAAAGGAGGATAGAGAATTTGAACAAGAAAATGGAAGACGGATTCCTAGATGTCTGGACCTATAATGCTGAACTTCTAGTTCTCATGGAAAACGAGAGGACTCTAGATTTCCATGATTCAAATGTCAAGAACCTTTACGACAAAGTCAGACTACAGCTTAGGGATAATGCAAAGGAGCTGGGTAATGGCTGTTTCGAATTCTATCACAAATGCGATAATGAAT,AATAACTTAGAAAGGAGGATAGAGAATTTGAACAAGAAAATGGAAGACGGATTCCTAGATGTCTGGACCTATAATGCTGAACTTCTAGTTCTCATGGAAAACGAGAGGACTCTAGATTTCCATGATTCAAATGTCAAGAACCTTTACGACAAAGTCAGACTACAGCTTAGGGATAATGCAAAGGAGCTGGGTAATGGCTGTTT,gaggcagttggaagggagttt,attcattatcgcatttgtgatagaattcg,0.8802395209580839,0.8802395209580839,0.8802395209580839
H5N1-HA,H5N1-HA_10,2,aaagtcagactacagcttagggataat,aacgacccattggagcaca,1396,1423,1663,1682,AAAGTCAGACTACAGCTTAGGGATAATGCAAAGGAGCTGGGTAATGGCTGTTTCGAATTCTATCACAAATGCGATAATGAATGTATGGAAAGTGTGAGAAATGGGACGTATGACTACCCTCAGTATTCAGAAGAAGCAAGATTAAAAAGAGAAGAAATAAGCGGAGTGAAATTAGAATCAATAGGAACTTACCAGATACTGTCAATTTATTCAACAGCGGCGAGTTCCCTAGCACTGGCAATCATGATGGCTGGTCTATCTTTATGGATGTGCTCCAATGGGTCGTT,GCAAAGGAGCTGGGTAATGGCTGTTTCGAATTCTATCACAAATGCGATAATGAATGTATGGAAAGTGTGAGAAATGGGACGTATGACTACCCTCAGTATTCAGAAGAAGCAAGATTAAAAAGAGAAGAAATAAGCGGAGTGAAATTAGAATCAATAGGAACTTACCAGATACTGTCAATTTATTCAACAGCGGCGAGTTCCCTAGCACTGGCAATCATGATGGCTGGTCTATCTTTATGGA,aaagtcagactacagcttagggataat,aacgacccattggagcaca,0.5032934131736527,0.5032934131736527,0.5032934131736527
H1N1-HA,H1N1-HA_1,1,tgtataggttatcatgcgaacaattcaa,ccattgtctgaattagatgtttccaca,61,89,287,314,TGTATAGGTTATCATGCGAACAATTCAACAGACACTGTGGACACAGTACTAGAAAAGAATGTAACAGTAACACACTCTGTCAATCTTCTAGAAGACAAGCATAACGGAAAACTATGCAAACTAAGAGGGGTAGCCCCATTGCATTTGGGTCAATGTAACATTGCTGGCTGGATCCTGGGAAATCCAGAGTGTGAATCACTCTCCACAGCAAGATCATGGTCCTACATTGTGGAAACATCTAATTCAGACAATGG,CAGACACTGTGGACACAGTACTAGAAAAGAATGTAACAGTAACACACTCTGTCAATCTTCTAGAAGACAAGCATAACGGAAAACTATGCAAACTAAGAGGGGTAGCCCCATTGCATTTGGGTCAATGTAACATTGCTGGCTGGATCCTGGGAAATCCAGAGTGTGAATCACTCTCCACAGCAAGATCATGGTCCTACAT,tgtataggttatcatgcgaacaattcaa,ccattgtctgaattagatgtttccaca,0.9596356024927454,0.9596356024927454,0.9596356024927454
H1N1-HA,H1N1-HA_2,2,ggatcctgggaaatccagagtg,cttgtcttggggaatatttcaaacct,230,252,387,413,GGATCCTGGGAAATCCAGAGTGTGAATCACTCTCCACAGCAAGATCATGGTCCTACATTGTGGAAACATCTAATTCAGACAATGGAACTTGTTACCCAGGAGATTTCATCAATTATGAGGAGCTAAGAGAGCAATTGAGCTCAGTGTCATCATTTGAAAGGTTTGAAATATTCCCCAAGACAAG,TGAATCACTCTCCACAGCAAGATCATGGTCCTACATTGTGGAAACATCTAATTCAGACAATGGAACTTGTTACCCAGGAGATTTCATCAATTATGAGGAGCTAAGAGAGCAATTGAGCTCAGTGTCATCATTTGAA,ggatcctgggaaatccagagtg,cttgtcttggggaatatttcaaacct,0.6522049379192236,0.6522049379192236,0.6522049379192236
H1N1-HA,H1N1-HA_3,1,atcaattatgaggagctaagagagca,gaatgccccacagcacga,337,363,571,589,ATCAATTATGAGGAGCTAAGAGAGCAATTGAGCTCAGTGTCATCATTTGAAAGGTTTGAAATATTCCCCAAGACAAGTTCATGGCCTAATCATGACTCGGACAATGGTGTAACGGCAGCATGTCCTCACGCTGGAGCAAAAAGCTTCTACAAAAACTTGATATGGCTGGTTAAAAAAGGAAAATCATACCCAAAGATCAACCAAACCTACATTAATGATAAAGGGAAAGAAGTCCTCGTGCTGTGGGGCATTC,ATTGAGCTCAGTGTCATCATTTGAAAGGTTTGAAATATTCCCCAAGACAAGTTCATGGCCTAATCATGACTCGGACAATGGTGTAACGGCAGCATGTCCTCACGCTGGAGCAAAAAGCTTCTACAAAAACTTGATATGGCTGGTTAAAAAAGGAAAATCATACCCAAAGATCAACCAAACCTACATTAATGATAAAGGGAAAGAAGTCC,atcaattatgaggagctaagagagca,gaatgccccacagcacga,0.7872365729508587,0.7872365729508587,0.7872365729508587
H1N1-HA,H1N1-HA_4,2,gcttctacaaaaacttgatatggctg,ttctactagtgtccagtaatagttcattct,479,505,726,756,GCTTCTACAAAAACTTGATATGGCTGGTTAAAAAAGGAAAATCATACCCAAAGATCAACCAAACCTACATTAATGATAAAGGGAAAGAAGTCCTCGTGCTGTGGGGCATTCACCATCCACCCACTATTACTGACCAAGAAAGTCTCTATCAGAATGCAGATGCATATGTTTTTGTGGGGACATCAAGATACAGCAAGAAGTTCAAGCCGGAAATAGCAACAAGACCCAAAGTGAGGGATCAAGCAGGGAGAATGAACTATTACTGGACACTAGTAGAA,GTTAAAAAAGGAAAATCATACCCAAAGATCAACCAAACCTACATTAATGATAAAGGGAAAGAAGTCCTCGTGCTGTGGGGCATTCACCATCCACCCACTATTACTGACCAAGAAAGTCTCTATCAGAATGCAGATGCATATGTTTTTGTGGGGACATCAAGATACAGCAAGAAGTTCAAGCCGGAAATAGCAACAAGACCCAAAGTGAGGGATCAAGCAGGG,gcttctacaaaaacttgatatggctg,ttctactagtgtccagtaatagttcattct,0.9422244422244422,0.9422244422244422,0.9422244422244422
H1N1-HA,H1N1-HA_5,1,gtggggacatcaagatacagca,tggtgtttatagcaccctcgg,652,674,895,916,GTGGGGACATCAAGATACAGCAAGAAGTTCAAGCCGGAAATAGCAACAAGACCCAAAGTGAGGGATCAAGCAGGGAGAATGAACTATTACTGGACACTAGTAGAACCGGGAGACAAAATAACATTCGAAGCAACTGGTAATCTAGTGGCACCGAGATATGCATTCACAATGGAAAAAGATGCTGGATCTGGTATTATCATTTCAGATACACCAGTCCACGATTGCAATACAACTTGTCAGACACCCGAGGGTGCTATAAACACCA,AGAAGTTCAAGCCGGAAATAGCAACAAGACCCAAAGTGAGGGATCAAGCAGGGAGAATGAACTATTACTGGACACTAGTAGAACCGGGAGACAAAATAACATTCGAAGCAACTGGTAATCTAGTGGCACCGAGATATGCATTCACAATGGAAAAAGATGCTGGATCTGGTATTATCATTTCAGATACACCAGTCCACGATTGCAATACAACTTGTCAGACAC,gtggggacatcaagatacagca,tggtgtttatagcaccctcgg,0.9251462822891394,0.9251462822891394,0.9251462822891394
H1N1-HA,H1N1-HA_6,2,ggtaatctagtggcaccgagatatg,ccctgtccacccccctt,787,812,1063,1080,GGTAATCTAGTGGCACCGAGATATGCATTCACAATGGAAAAAGATGCTGGATCTGGTATTATCATTTCAGATACACCAGTCCACGATTGCAATACAACTTGTCAGACACCCGAGGGTGCTATAAACACCAGCCTCCCATTTCAGAATGTACATCCGATCACGATTGGGAAATGTCCAAAGTATGTAAGAAGCACAAAATTGAGACTGGCCACAGGATTGAGGAATGTCCCGTCTATTCAATCTAGAGGCCTATTCGGGGCCATTGCTGGCTTCATCGAAGGGGGGTGGACAGGG,CATTCACAATGGAAAAAGATGCTGGATCTGGTATTATCATTTCAGATACACCAGTCCACGATTGCAATACAACTTGTCAGACACCCGAGGGTGCTATAAACACCAGCCTCCCATTTCAGAATGTACATCCGATCACGATTGGGAAATGTCCAAAGTATGTAAGAAGCACAAAATTGAGACTGGCCACAGGATTGAGGAATGTCCCGTCTATTCAATCTAGAGGCCTATTCGGGGCCATTGCTGGCTTCATCG,ggtaatctagtggcaccgagatatg,ccctgtccacccccctt,0.5033300033300033,0.5033300033300033,0.5033300033300033
H1N1-HA,H1N1-HA_7,1,tctattcaatctagaggcctattcgg,gctcttcagatcggctgcata,1018,1044,1131,1152,TCTATTCAATCTAGAGGCCTATTCGGGGCCATTGCTGGCTTCATCGAAGGGGGGTGGACAGGGATGGTAGATGGATGGTACGGTTATCACCATCAAAATGAGCAGGGGTCAGGATATGCAGCCGATCTGAAGAGC,GGCCATTGCTGGCTTCATCGAAGGGGGGTGGACAGGGATGGTAGATGGATGGTACGGTTATCACCATCAAAATGAGCAGGGGTCAGGA,tctattcaatctagaggcctattcgg,gctcttcagatcggctgcata,0.8131630274487417,0.8131630274487417,0.8131630274487417
H1N1-HA,H1N1-HA_8,2,cggttatcaccatcaaaatgagcag,ccagcagttcggcattgtaag,1098,1123,1309,1330,CGGTTATCACCATCAAAATGAGCAGGGGTCAGGATATGCAGCCGATCTGAAGAGCACACAAAATGCCATTGATAAGATTACCAACAAAGTAAATTCTGTTATTGAAAAGATGAATACACAGTTCACAGCAGTTGGTAAAGAGTTCAACCACCTTGAAAAAAGAATAGAGAATCTAAATAAAAAGGTTGATGATGGTTTCCTGGACGTTTGGACTTACAATGCCGAACTGCTGG,GGGTCAGGATATGCAGCCGATCTGAAGAGCACACAAAATGCCATTGATAAGATTACCAACAAAGTAAATTCTGTTATTGAAAAGATGAATACACAGTTCACAGCAGTTGGTAAAGAGTTCAACCACCTTGAAAAAAGAATAGAGAATCTAAATAAAAAGGTTGATGATGGTTTCCTGGACGTTTGGA,cggttatcaccatcaaaatgagcag,ccagcagttcggcattgtaag,0.5822510822510822,0.5822510822510822,0.5822510822510822
H1N1-HA,H1N1-HA_9,1,agttcacagcagttggtaaagagt,tgcatgtgttgtcgcatttgt,1217,1241,1456,1477,AGTTCACAGCAGTTGGTAAAGAGTTCAACCACCTTGAAAAAAGAATAGAGAATCTAAATAAAAAGGTTGATGATGGTTTCCTGGACGTTTGGACTTACAATGCCGAACTGCTGGTTCTACTGGAAAACGAAAGAACTTTGGACTATCACGATTCAAATGTGAAGAACTTGTATGAAAAAGTAAGAAACCAGTTAAAAAACAATGCCAAGGAAATTGGAAACGGCTGCTTTGAATTTTACCACAAATGCGACAACACATGCA,TCAACCACCTTGAAAAAAGAATAGAGAATCTAAATAAAAAGGTTGATGATGGTTTCCTGGACGTTTGGACTTACAATGCCGAACTGCTGGTTCTACTGGAAAACGAAAGAACTTTGGACTATCACGATTCAAATGTGAAGAACTTGTATGAAAAAGTAAGAAACCAGTTAAAAAACAATGCCAAGGAAATTGGAAACGGCTGCTTTGAATTTTACC,agttcacagcagttggtaaagagt,tgcatgtgttgtcgcatttgt,0.9024546881689739,0.9024546881689739,0.9024546881689739
H1N1-HA,H1N1-HA_10,2,ccaaggaaattggaaacggct,tccagaagctgattgcccc,1421,1442,1641,1660,CCAAGGAAATTGGAAACGGCTGCTTTGAATTTTACCACAAATGCGACAACACATGCATGGAAAGTGTCAAGAATGGGACTTATGACTACCCAAAATACTCAGAGGAAGCAAAATTAAACAGAGAAAAAATAGATGGAGTAAAGCTGGACTCAACAAGGATTTACCAGATTTTGGCAATCTATTCAACTGTTGCCAGTTCATTGGTACTGGTAGTCTCCCTGGGGGCAATCAGCTTCTGGA,GCTTTGAATTTTACCACAAATGCGACAACACATGCATGGAAAGTGTCAAGAATGGGACTTATGACTACCCAAAATACTCAGAGGAAGCAAAATTAAACAGAGAAAAAATAGATGGAGTAAAGCTGGACTCAACAAGGATTTACCAGATTTTGGCAATCTATTCAACTGTTGCCAGTTCATTGGTACTGGTAGTCTCCCTG,ccaaggaaattggaaacggct,tccagaagctgattgcccc,0.7310546596260882,0.7310546596260882,0.7310546596260882
H3N2-HA,H3N2-HA_1,1,tgggcaccatgcagtacc,ccaatagagcatctattagtgtgcagt,93,111,235,262,TGGGCACCATGCAGTACCAAACGGAACGATAGTGAAAACAATCACAAATGACCGAATTGAAGTTACTAATGCTACTGAGTTGGTTCAGAATTCATCAATAGGTAAAATATGCAACAGTCCTCATCAGATCCTTGATGGAGGGAACTGCACACTAATAGATGCTCTATTGG,AAACGGAACGATAGTGAAAACAATCACAAATGACCGAATTGAAGTTACTAATGCTACTGAGTTGGTTCAGAATTCATCAATAGGTAAAATATGCAACAGTCCTCATCAGATCCTTGATGGAGGGA,tgggcaccatgcagtacc,ccaatagagcatctattagtgtgcagt,0.8858679750624564,0.8858679750624564,0.8858679750624564
H3N2-HA,H3N2-HA_2,2,aaatgaccgaattgaagttactaatgcta,ggaggcataatccggcaca,138,167,350,369,AAATGACCGAATTGAAGTTACTAATGCTACTGAGTTGGTTCAGAATTCATCAATAGGTAAAATATGCAACAGTCCTCATCAGATCCTTGATGGAGGGAACTGCACACTAATAGATGCTCTATTGGGGGACCCTCAGTGTGACGGCTTTCAAAATAAGGAATGGGACCTTTTTGTTGAACGAAGCAGAGCCAACAGCAACTGTTACCCTTATGATGTGCCGGATTATGCCTCC,CTGAGTTGGTTCAGAATTCATCAATAGGTAAAATATGCAACAGTCCTCATCAGATCCTTGATGGAGGGAACTGCACACTAATAGATGCTCTATTGGGGGACCCTCAGTGTGACGGCTTTCAAAATAAGGAATGGGACCTTTTTGTTGAACGAAGCAGAGCCAACAGCAACTGTTACCCTTATGA,aaatgaccgaattgaagttactaatgcta,ggaggcataatccggcaca,0.874321982399676,0.874321982399676,0.874321982399676
H3N2-HA,H3N2-HA_3,1,tgttgaacgaagcagagcca,ccttgtttggcatagtcacgtt,309,329,540,562,TGTTGAACGAAGCAGAGCCAACAGCAACTGTTACCCTTATGATGTGCCGGATTATGCCTCCCTTAGGTCACTAGTTGCCTCATCCGGCACACTGGAGTTTAAAAATGAAAGCTTCAATTGGACTGGAGTCAAACAAAACGGAACAAGTTCTGCGTGCAAAAGGGGATCTAGTAGTAGTTTTTTTAGTAGATTAAATTGGTTGACCAGCTTAAACAACATATATCCAGCACAGAACGTGACTATGCCAAACAAGG,ACAGCAACTGTTACCCTTATGATGTGCCGGATTATGCCTCCCTTAGGTCACTAGTTGCCTCATCCGGCACACTGGAGTTTAAAAATGAAAGCTTCAATTGGACTGGAGTCAAACAAAACGGAACAAGTTCTGCGTGCAAAAGGGGATCTAGTAGTAGTTTTTTTAGTAGATTAAATTGGTTGACCAGCTTAAACAACATATATCCAGCACAG,tgttgaacgaagcagagcca,ccttgtttggcatagtcacgtt,0.7831919155544552,0.7831919155544552,0.7831919155544552
H3N2-HA,H3N2-HA_4,2,gatctagtagtagtttttttagtagattaaattggt,cgatatttgggattacagcttgttgg,473,509,674,700,GATCTAGTAGTAGTTTTTTTAGTAGATTAAATTGGTTGACCAGCTTAAACAACATATATCCAGCACAGAACGTGACTATGCCAAACAAGGAACAATTTGACAAATTGTACATTTGGGGGGTTCACCACCCGGATACGGACAAGAACCAAATCTCCCTGTTTGCTCAATCATCAGGAAGAATCACAGTATCTACCAAAAGAAGCCAACAAGCTGTAATCCCAAATATCG,TGACCAGCTTAAACAACATATATCCAGCACAGAACGTGACTATGCCAAACAAGGAACAATTTGACAAATTGTACATTTGGGGGGTTCACCACCCGGATACGGACAAGAACCAAATCTCCCTGTTTGCTCAATCATCAGGAAGAATCACAGTATCTACCAAAAGAAG,gatctagtagtagtttttttagtagattaaattggt,cgatatttgggattacagcttgttgg,0.879408521077626,0.879408521077626,0.879408521077626
H3N2-HA,H3N2-HA_5,1,tcaggaagaatcacagtatctaccaaa,ggaatgcttccatttggagtgatg,643,670,890,914,TCAGGAAGAATCACAGTATCTACCAAAAGAAGCCAACAAGCTGTAATCCCAAATATCGGATCTAGACCCAGAATAAGGGATATCCCTAGCAGAATAAGCATCTATTGGACAATAGTAAAACCGGGAGACATACTTTTGATTAACAGCACAGGGAATCTAATTGCTCCTAGGGGTTACTTCAAAATACGAAGTGGGAAAAGCTCAATAATGAGATCAGATGCACCCATTGGCAAATGTAAGTCTGAATGCATCACTCCAAATGGAAGCATTCC,AGAAGCCAACAAGCTGTAATCCCAAATATCGGATCTAGACCCAGAATAAGGGATATCCCTAGCAGAATAAGCATCTATTGGACAATAGTAAAACCGGGAGACATACTTTTGATTAACAGCACAGGGAATCTAATTGCTCCTAGGGGTTACTTCAAAATACGAAGTGGGAAAAGCTCAATAATGAGATCAGATGCACCCATTGGCAAATGTAAGTCTGAATG,tcaggaagaatcacagtatctaccaaa,ggaatgcttccatttggagtgatg,0.9377461682158853,0.9377461682158853,0.9377461682158853
H3N2-HA,H3N2-HA_6,2,ttggacaatagtaaaaccgggaga,ggtacatttcgcattcctgttgc,747,771,996,1019,TTGGACAATAGTAAAACCGGGAGACATACTTTTGATTAACAGCACAGGGAATCTAATTGCTCCTAGGGGTTACTTCAAAATACGAAGTGGGAAAAGCTCAATAATGAGATCAGATGCACCCATTGGCAAATGTAAGTCTGAATGCATCACTCCAAATGGAAGCATTCCCAATGACAAACCGTTCCAAAATGTAAACAGGATCACATACGGGGCCTGTCCCAGATATGTTAAGCAAAGCACCCTGAAATTGGCAACAGGAATGCGAAATGTACC,CATACTTTTGATTAACAGCACAGGGAATCTAATTGCTCCTAGGGGTTACTTCAAAATACGAAGTGGGAAAAGCTCAATAATGAGATCAGATGCACCCATTGGCAAATGTAAGTCTGAATGCATCACTCCAAATGGAAGCATTCCCAATGACAAACCGTTCCAAAATGTAAACAGGATCACATACGGGGCCTGTCCCAGATATGTTAAGCAAAGCACCCTGAAATTG,ttggacaatagtaaaaccgggaga,ggtacatttcgcattcctgttgc,0.9246922193963674,0.9246922193963674,0.9246922193963674
H3N2-HA,H3N2-HA_7,1,gatcacatacggggcctgtc,gcttgtcctcttccctcagaa,945,965,1118,1139,GATCACATACGGGGCCTGTCCCAGATATGTTAAGCAAAGCACCCTGAAATTGGCAACAGGAATGCGAAATGTACCAGAGAAACAAACCAGAGGCATATTTGGCGCAATAGCGGGTTTCATAGAAAATGGATGGGAGGGAATGGTGGATGGTTGGTACGGTTTCAGGCATCAAAATTCTGAGGGAAGAGGACAAGC,CCAGATATGTTAAGCAAAGCACCCTGAAATTGGCAACAGGAATGCGAAATGTACCAGAGAAACAAACCAGAGGCATATTTGGCGCAATAGCGGGTTTCATAGAAAATGGATGGGAGGGAATGGTGGATGGTTGGTACGGTTTCAGGCATCAAAA,gatcacatacggggcctgtc,gcttgtcctcttccctcagaa,0.9597128131259706,0.9597128131259706,0.9597128131259706
H3N2-HA,H3N2-HA_8,2,gggaatggtggatggttggta,tgaccagagatctattttagtgtcctc,1080,1101,1287,1314,GGGAATGGTGGATGGTTGGTACGGTTTCAGGCATCAAAATTCTGAGGGAAGAGGACAAGCAGCAGATCTCAAAAGCACTCAAGCAGCAATCGATCAAATCAATGGGAAGCTGAATCGATTGATCGGAAAAACCAACGAGAAATTCCATCAGATTGAAAAAGAATTCTCAGAAGTAGAAGGAAGAGTTCAAGACCTTGAGAAATATGTTGAGGACACTAAAATAGATCTCTGGTCA,CGGTTTCAGGCATCAAAATTCTGAGGGAAGAGGACAAGCAGCAGATCTCAAAAGCACTCAAGCAGCAATCGATCAAATCAATGGGAAGCTGAATCGATTGATCGGAAAAACCAACGAGAAATTCCATCAGATTGAAAAAGAATTCTCAGAAGTAGAAGGAAGAGTTCAAGACCTTGAGAAATATGTT,gggaatggtggatggttggta,tgaccagagatctattttagtgtcctc,0.8698431275460827,0.8698431275460827,0.8698431275460827
H3N2-HA,H3N2-HA_9,1,cggaaaaaccaacgagaaattccat,aaccatttcccatatcctcagca,1203,1228,1421,1444,CGGAAAAACCAACGAGAAATTCCATCAGATTGAAAAAGAATTCTCAGAAGTAGAAGGAAGAGTTCAAGACCTTGAGAAATATGTTGAGGACACTAAAATAGATCTCTGGTCATACAACGCGGAGCTTCTTGTTGCCCTGGAGAACCAACATACGATTGACCTAACTGACTCAGAAATGAACAAACTGTTTGAAAAAACAAAGAAGCAACTGAGGGAAAATGCTGAGGATATGGGAAATGGTT,CAGATTGAAAAAGAATTCTCAGAAGTAGAAGGAAGAGTTCAAGACCTTGAGAAATATGTTGAGGACACTAAAATAGATCTCTGGTCATACAACGCGGAGCTTCTTGTTGCCCTGGAGAACCAACATACGATTGACCTAACTGACTCAGAAATGAACAAACTGTTTGAAAAAACAAAGAAGCAACTGAGGGAAAA,cggaaaaaccaacgagaaattccat,aaccatttcccatatcctcagca,0.9361256780176003,0.9361256780176003,0.9361256780176003
H3N2-HA,H3N2-HA_10,2,catacgattgacctaactgactcaga,gacatggcaaaggaaatccatagg,1351,1377,1592,1616,CATACGATTGACCTAACTGACTCAGAAATGAACAAACTGTTTGAAAAAACAAAGAAGCAACTGAGGGAAAATGCTGAGGATATGGGAAATGGTTGTTTCAAAATATACCACAAATGTGACAATGCCTGCATAGGATCAATAAGAAATGAAACTTATGACCACAATGTGTACAGGGATGAAGCATTAAACAACCGGTTCCAGATCAAGGGAGTTGAGCTGAAGTCAGGGTACAAAGATTGGATCCTATGGATTTCCTTTGCCATGTC,AATGAACAAACTGTTTGAAAAAACAAAGAAGCAACTGAGGGAAAATGCTGAGGATATGGGAAATGGTTGTTTCAAAATATACCACAAATGTGACAATGCCTGCATAGGATCAATAAGAAATGAAACTTATGACCACAATGTGTACAGGGATGAAGCATTAAACAACCGGTTCCAGATCAAGGGAGTTGAGCTGAAGTCAGGGTACAAAGATTGGAT,catacgattgacctaactgactcaga,gacatggcaaaggaaatccatagg,0.8342823704170511,0.8342823704170511,0.8342823704170511
H5N1-NA,H5N1-NA_1,1,cataatctcaatatgggttagccattcaa,ccttggacccaattcttataccgtt,84,113,309,334,CATAATCTCAATATGGGTTAGCCATTCAATCCAAACAGGGAATCAATACCAGCCTGAACCATGCAATCAAAGCATCATTACCTATGAGAACAACACCTGGGTAAATCAGACGTATGTCAACATCAGCAATACCAATTTTCTTGCTGAGCAGGCTGTTACTTCGGTAACATTAGCGGGCAATTCATCTCTTTGCCCTATTAGTGGGTGGGCTATATACAGTAAGGACAACGGTATAAGAATTGGGTCCAAGG,TCCAAACAGGGAATCAATACCAGCCTGAACCATGCAATCAAAGCATCATTACCTATGAGAACAACACCTGGGTAAATCAGACGTATGTCAACATCAGCAATACCAATTTTCTTGCTGAGCAGGCTGTTACTTCGGTAACATTAGCGGGCAATTCATCTCTTTGCCCTATTAGTGGGTGGGCTATATACAGTAAGGAC,cataatctcaatatgggttagccattcaa,ccttggacccaattcttataccgtt,0.8525387655822438,0.8525387655822438,0.8525387655822438
H5N1-NA,H5N1-NA_2,2,gccctattagtgggtgggcta,acgggacaactcatcaaagttcta,275,296,464,488,GCCCTATTAGTGGGTGGGCTATATACAGTAAGGACAACGGTATAAGAATTGGGTCCAAGGGGGATGTGTTTGTTATAAGAGAACCGTTCATCTCATGCTCCCACTTGGAATGCAGAACCTTTTTTCTGACCCAGGGAGCTCTGCTGAATGACAAACATTCTAATGGGACCGTTAAGGATAGAAGCCCCTATAGAACTTTGATGAGTTGTCCCGT,TATACAGTAAGGACAACGGTATAAGAATTGGGTCCAAGGGGGATGTGTTTGTTATAAGAGAACCGTTCATCTCATGCTCCCACTTGGAATGCAGAACCTTTTTTCTGACCCAGGGAGCTCTGCTGAATGACAAACATTCTAATGGGACCGTTAAGGATAGAAGCCCCTA,gccctattagtgggtgggcta,acgggacaactcatcaaagttcta,0.48221343873517786,0.48221343873517786,0.48221343873517786
H5N1-NA,H5N1-NA_3,1,cccacttggaatgcagaacctt,tgccattgtacttcaatacagcca,374,396,607,631,CCCACTTGGAATGCAGAACCTTTTTTCTGACCCAGGGAGCTCTGCTGAATGACAAACATTCTAATGGGACCGTTAAGGATAGAAGCCCCTATAGAACTTTGATGAGTTGTCCCGTGGGTGAGGCTCCTTCCCCGTACAATTCAAGATTTGAGTCTGTTGCTTGGTCGGCAAGTGCTTGTCATGATGGCATCAGTTGGTTGACAATCGGTATTTCTGGTCCAGACAATGGAGCTGTGGCTGTATTGAAGTACAATGGCA,TTTTCTGACCCAGGGAGCTCTGCTGAATGACAAACATTCTAATGGGACCGTTAAGGATAGAAGCCCCTATAGAACTTTGATGAGTTGTCCCGTGGGTGAGGCTCCTTCCCCGTACAATTCAAGATTTGAGTCTGTTGCTTGGTCGGCAAGTGCTTGTCATGATGGCATCAGTTGGTTGACAATCGGTATTTCTGGTCCAGACAATGGAGCTG,cccacttggaatgcagaacctt,tgccattgtacttcaatacagcca,0.8519306780176346,0.8519306780176346,0.8519306780176346
H5N1-NA,H5N1-NA_4,2,caagtgcttgtcatgatggcat,ggcctgcccattgcttg,542,564,736,753,CAAGTGCTTGTCATGATGGCATCAGTTGGTTGACAATCGGTATTTCTGGTCCAGACAATGGAGCTGTGGCTGTATTGAAGTACAATGGCATAATAACGGATACTATCAAGAGTTGGAGAAACAACATTTTGAGAACTCAAGAATCTGAATGTGCGTGCGTAAATGGCTCTTGCTTCACTGTAATGACTGATGGACCAAGCAATGGGCAGGCC,CAGTTGGTTGACAATCGGTATTTCTGGTCCAGACAATGGAGCTGTGGCTGTATTGAAGTACAATGGCATAATAACGGATACTATCAAGAGTTGGAGAAACAACATTTTGAGAACTCAAGAATCTGAATGTGCGTGCGTAAATGGCTCTTGCTTCACTGTAATGACTGATGGAC,caagtgcttgtcatgatggcat,ggcctgcccattgcttg,0.8946488294314381,0.8946488294314381,0.8946488294314381
H5N1-NA,H5N1-NA_5,1,gagttggagaaacaacattttgagaac,cggccggtttgagccat,651,678,889,906,GAGTTGGAGAAACAACATTTTGAGAACTCAAGAATCTGAATGTGCGTGCGTAAATGGCTCTTGCTTCACTGTAATGACTGATGGACCAAGCAATGGGCAGGCCTCATATAAAATCTTCAAGATAGAGAAAGGGAAAGTAGTCAAATCAGTTGAATTGAATGCCCCTAATTACCACTACGAGGAATGCTCCTGTTATCCTGATGCGGGTGAGATTATGTGTGTGTGCAGGGACAATTGGCATGGCTCAAACCGGCCG,TCAAGAATCTGAATGTGCGTGCGTAAATGGCTCTTGCTTCACTGTAATGACTGATGGACCAAGCAATGGGCAGGCCTCATATAAAATCTTCAAGATAGAGAAAGGGAAAGTAGTCAAATCAGTTGAATTGAATGCCCCTAATTACCACTACGAGGAATGCTCCTGTTATCCTGATGCGGGTGAGATTATGTGTGTGTGCAGGGACAATTGGC,gagttggagaaacaacattttgagaac,cggccggtttgagccat,0.883399209486166,0.883399209486166,0.883399209486166
H5N1-NA,H5N1-NA_6,2,ctcctgttatcctgatgcggg,ccattaccgtacttaaatgaaaaccctt,837,858,1039,1067,CTCCTGTTATCCTGATGCGGGTGAGATTATGTGTGTGTGCAGGGACAATTGGCATGGCTCAAACCGGCCGTGGGTATCTTTTAATCAAAATCTGGAGTATCAAATAGGATATATATGCAGTGGGGTTTTCGGAGACAACCCCCGCCCCAATGATGGAACAGGCAGTTGCAGTCCAATGTCCTCTAACGGGGCATATGGGGTAAAAGGGTTTTCATTTAAGTACGGTAATGG,TGAGATTATGTGTGTGTGCAGGGACAATTGGCATGGCTCAAACCGGCCGTGGGTATCTTTTAATCAAAATCTGGAGTATCAAATAGGATATATATGCAGTGGGGTTTTCGGAGACAACCCCCGCCCCAATGATGGAACAGGCAGTTGCAGTCCAATGTCCTCTAACGGGGCATATGGGGTAA,ctcctgttatcctgatgcggg,ccattaccgtacttaaatgaaaaccctt,0.8149893584676193,0.8149893584676193,0.8149893584676193
H5N1-NA,H5N1-NA_7,1,gcagtggggttttcggaga,tcactgagaaactactgtccgtc,953,972,1145,1168,GCAGTGGGGTTTTCGGAGACAACCCCCGCCCCAATGATGGAACAGGCAGTTGCAGTCCAATGTCCTCTAACGGGGCATATGGGGTAAAAGGGTTTTCATTTAAGTACGGTAATGGGGTTTGGATCGGAAGAACAAAAAGCACTAGTTCCAGAAGCGGCTTTGAGATGATTTGGGATCCGAATGGGTGGACTGAGACGGACAGTAGTTTCTCAGTGA,CAACCCCCGCCCCAATGATGGAACAGGCAGTTGCAGTCCAATGTCCTCTAACGGGGCATATGGGGTAAAAGGGTTTTCATTTAAGTACGGTAATGGGGTTTGGATCGGAAGAACAAAAAGCACTAGTTCCAGAAGCGGCTTTGAGATGATTTGGGATCCGAATGGGTGGACTGA,gcagtggggttttcggaga,tcactgagaaactactgtccgtc,0.45925813317117664,0.45925813317117664,0.45925813317117664
H5N1-NA,H5N1-NA_8,2,ccagaagcggctttgagatg,acagtgtcactatttacaccacaaaag,1100,1120,1331,1358,CCAGAAGCGGCTTTGAGATGATTTGGGATCCGAATGGGTGGACTGAGACGGACAGTAGTTTCTCAGTGAAGCAAGACATCGTAGAAATAACTGACTGGTCAGGATATAGTGGGACTTTTGTCCAGCACCCAGAACTGACAGGATTAGATTGCATGAGGCCTTGTTTCTGGGTTGAGCTGATTAGAGGGAGGCCCAAAGAGAACACAATTTGGACTAGCGGGAGCAGCATATCCTTTTGTGGTGTAAATAGTGACACTGT,ATTTGGGATCCGAATGGGTGGACTGAGACGGACAGTAGTTTCTCAGTGAAGCAAGACATCGTAGAAATAACTGACTGGTCAGGATATAGTGGGACTTTTGTCCAGCACCCAGAACTGACAGGATTAGATTGCATGAGGCCTTGTTTCTGGGTTGAGCTGATTAGAGGGAGGCCCAAAGAGAACACAATTTGGACTAGCGGGAGCAGCATATC,ccagaagcggctttgagatg,acagtgtcactatttacaccacaaaag,0.6007905138339921,0.6007905138339921,0.6007905138339921
H3N2-NA,H3N2-NA_1,1,ccatcctgataactactgtaacattgc,ccaccagcggaaagccta,80,107,317,335,CCATCCTGATAACTACTGTAACATTGCATTTCAAGCAATATGAATTCAACTCCCCCCCAAATAACCAAGTGATGCTGTGTGAACCAACAATAATAGAAAGAAACATAACAGAGATAGTGTATTTGACCAACACCACCATAGAGAAGGAAATATGCCCCAAACCAGCAGAATACAGAAATTGGTCAAAACCGCAATGTGGCATTACAGGATTTGCACCTTTCTCTAAGGACAATTCGATTAGGCTTTCCGCTGGTGG,ATTTCAAGCAATATGAATTCAACTCCCCCCCAAATAACCAAGTGATGCTGTGTGAACCAACAATAATAGAAAGAAACATAACAGAGATAGTGTATTTGACCAACACCACCATAGAGAAGGAAATATGCCCCAAACCAGCAGAATACAGAAATTGGTCAAAACCGCAATGTGGCATTACAGGATTTGCACCTTTCTCTAAGGACAATTCGAT,ccatcctgataactactgtaacattgc,ccaccagcggaaagccta,0.9209174699219025,0.9209174699219025,0.9209174699219025
H3N2-NA,H3N2-NA_2,2,cgcaatgtggcattacaggatttg,tgctatgcacacttgcttggt,269,293,510,531,CGCAATGTGGCATTACAGGATTTGCACCTTTCTCTAAGGACAATTCGATTAGGCTTTCCGCTGGTGGGGACATCTGGGTGACAAGAGAACCTTATGTGTCATGCGATCTTGACAAGTGTTATCAATTTGCCCTTGGACAGGGAACAACACTAAACAATGTGCATTCAAATAACACAGTACGTGATAGAACCCCTTATCGGACTCTATTGATGAATGAGTTGGGTGTTCCTTTCCATCTGGGGACCAAGCAAGTGTGCATAGCA,CACCTTTCTCTAAGGACAATTCGATTAGGCTTTCCGCTGGTGGGGACATCTGGGTGACAAGAGAACCTTATGTGTCATGCGATCTTGACAAGTGTTATCAATTTGCCCTTGGACAGGGAACAACACTAAACAATGTGCATTCAAATAACACAGTACGTGATAGAACCCCTTATCGGACTCTATTGATGAATGAGTTGGGTGTTCCTTTCCATCTGGGG,cgcaatgtggcattacaggatttg,tgctatgcacacttgcttggt,0.9365369731935552,0.9365369731935552,0.9365369731935552
H3N2-NA,H3N2-NA_3,1,tgatgaatgagttgggtgttcct,ccatgaaacaacactatctacaagcc,476,499,628,654,TGATGAATGAGTTGGGTGTTCCTTTCCATCTGGGGACCAAGCAAGTGTGCATAGCATGGTCCAGCTCAAGTTGTCACGATGGAAAAGCATGGCTGCATGTTTGTATAACGGGGGATGATAAAAATGCAACTGCTAGCTTCATTTACAATGGGAGGCTTGTAGATAGTGTTGTTTCATGG,TTCCATCTGGGGACCAAGCAAGTGTGCATAGCATGGTCCAGCTCAAGTTGTCACGATGGAAAAGCATGGCTGCATGTTTGTATAACGGGGGATGATAAAAATGCAACTGCTAGCTTCATTTACAATGGGA,tgatgaatgagttgggtgttcct,ccatgaaacaacactatctacaagcc,0.9525317197870494,0.9525317197870494,0.9525317197870494
H3N2-NA,H3N2-NA_4,2,ggctgcatgtttgtataacggg,actcttcgacatgctgagcac,566,588,811,832,GGCTGCATGTTTGTATAACGGGGGATGATAAAAATGCAACTGCTAGCTTCATTTACAATGGGAGGCTTGTAGATAGTGTTGTTTCATGGTCCAACGATATTCTCAGAACCCAGGAGTCAGAATGCGTTTGTATCAATGGAACTTGTACAGTAGTAATGACTGATGGAAATGCTACAGGAAAAGCTGATACTAAAATACTATTCATTGAGGAGGGGAAAATCGTTCATACTAGCAAATTGTCAGGAAGTGCTCAGCATGTCGAAGAGT,GGATGATAAAAATGCAACTGCTAGCTTCATTTACAATGGGAGGCTTGTAGATAGTGTTGTTTCATGGTCCAACGATATTCTCAGAACCCAGGAGTCAGAATGCGTTTGTATCAATGGAACTTGTACAGTAGTAATGACTGATGGAAATGCTACAGGAAAAGCTGATACTAAAATACTATTCATTGAGGAGGGGAAAATCGTTCATACTAGCAAATTGTCAGGAA,ggctgcatgtttgtataacggg,actcttcgacatgctgagcac,0.9675883580759399,0.9675883580759399,0.9675883580759399
H3N2-NA,H3N2-NA_5,1,caggaaaagctgatactaaaatactattcattg,tccaacaagtccagaacacacata,740,773,945,969,CAGGAAAAGCTGATACTAAAATACTATTCATTGAGGAGGGGAAAATCGTTCATACTAGCAAATTGTCAGGAAGTGCTCAGCATGTCGAAGAGTGCTCTTGCTATCCTCGATATCCTGGTGTCAGATGTGTCTGCAGAGACAACTGGAAAGGATCCAACCGGCCCATCATAGATATAAACATAAAGGATCATAGCATTGTTTCCAGGTATGTGTGTTCTGGACTTGTTGGA,AGGAGGGGAAAATCGTTCATACTAGCAAATTGTCAGGAAGTGCTCAGCATGTCGAAGAGTGCTCTTGCTATCCTCGATATCCTGGTGTCAGATGTGTCTGCAGAGACAACTGGAAAGGATCCAACCGGCCCATCATAGATATAAACATAAAGGATCATAGCATTGTTTCCAGG,caggaaaagctgatactaaaatactattcattg,tccaacaagtccagaacacacata,0.7704683505710734,0.7704683505710734,0.7704683505710734
H3N2-NA,H3N2-NA_6,2,ctcgatatcctggtgtcagatgt,gcgtgacgtctcgttgattg,845,868,1093,1113,CTCGATATCCTGGTGTCAGATGTGTCTGCAGAGACAACTGGAAAGGATCCAACCGGCCCATCATAGATATAAACATAAAGGATCATAGCATTGTTTCCAGGTATGTGTGTTCTGGACTTGTTGGAGACACACCCAGAAAAAGCGACAGCTCCAGCAGTAGCCATTGTTTGAACCCTAACAATGAAAAAGGTGATCATGGAGTGAAAGGCTGGGCCTTTGATGATGGAAATGACGTGTGGATGGGGAGAACAATCAACGAGACGTCACGC,GTCTGCAGAGACAACTGGAAAGGATCCAACCGGCCCATCATAGATATAAACATAAAGGATCATAGCATTGTTTCCAGGTATGTGTGTTCTGGACTTGTTGGAGACACACCCAGAAAAAGCGACAGCTCCAGCAGTAGCCATTGTTTGAACCCTAACAATGAAAAAGGTGATCATGGAGTGAAAGGCTGGGCCTTTGATGATGGAAATGACGTGTGGATGGGGAGAA,ctcgatatcctggtgtcagatgt,gcgtgacgtctcgttgattg,0.7241961584464927,0.7241961584464927,0.7241961584464927
H3N2-NA,H3N2-NA_7,1,aaaggctgggcctttgatga,atcaactccacataaaagcaccg,1048,1068,1257,1280,AAAGGCTGGGCCTTTGATGATGGAAATGACGTGTGGATGGGGAGAACAATCAACGAGACGTCACGCTTAGGGTATGAAACCTTCAAAGTCGTTGAAGGCTGGTCCAACCCTAAGTCCAAATTGCAGATAAATAGGCAAGTCATAGTTGACAGAGGCGATAGGTCCGGTTATTCTGGTATTTTCTCTGTTGAAGGCAAAAGCTGCATCAATCGGTGCTTTTATGTGGAGTTGAT,TGGAAATGACGTGTGGATGGGGAGAACAATCAACGAGACGTCACGCTTAGGGTATGAAACCTTCAAAGTCGTTGAAGGCTGGTCCAACCCTAAGTCCAAATTGCAGATAAATAGGCAAGTCATAGTTGACAGAGGCGATAGGTCCGGTTATTCTGGTATTTTCTCTGTTGAAGGCAAAAGCTGCATCAAT,aaaggctgggcctttgatga,atcaactccacataaaagcaccg,0.9166256244283403,0.9166256244283403,0.9166256244283403
